{
    "bf16": {
        "enabled": true
    },
    "train_micro_batch_size_per_gpu": 1,
    "train_batch_size": "auto",
    "gradient_accumulation_steps": "auto",
    "gradient_clipping": "auto",
    "steps_per_print": 2000,
    "wall_clock_breakdown": false,
    "zero_optimization": {
        "stage": 3,
        "overlap_comm": true,
        "contiguous_gradients": true,
        "reduce_bucket_size": 5e8,
        "sub_group_size": 1e9,
        "stage3_max_live_parameters": 1e9,
        "stage3_max_reuse_distance": 1e9,
        "stage3_gather_16bit_weights_on_model_save": "auto",
        "offload_optimizer": {
            "device": "none"
        },
        "offload_param": {
            "device": "none"
        }
    }
}

